epoch,train_loss,train_acc,val_loss,val_acc
0,2.3023737143067753,0.48253676470588236,1.7595228728126078,0.9117647058823529
