epoch,train_loss,train_acc,val_loss,val_acc
0,2.3023737598867977,0.48253676470588236,1.7595227536033182,0.9117647058823529
1,1.3265823371270125,0.9016544117647058,1.1631459628834444,0.9411764705882353
2,0.8475700897328994,0.9485294117647058,0.843462141121135,0.9632352941176471
3,0.5895626413471559,0.9678308823529411,0.6427198367960313,0.9632352941176471
4,0.45636431697536917,0.9788602941176471,0.5445812519858865,0.9779411764705882
