epoch,train_loss,train_acc,val_loss,val_acc
0,2.3023737143067753,0.48253676470588236,1.7595228728126078,0.9117647058823529
1,1.3265821723377003,0.9016544117647058,1.1631461592281567,0.9411764705882353
2,0.8475701125229106,0.9485294117647058,0.8434624671936035,0.9632352941176471
3,0.5895626062856001,0.9678308823529411,0.6427197596606087,0.9632352941176471
